epoch,steps,cosine_pearson,cosine_spearman,euclidean_pearson,euclidean_spearman,manhattan_pearson,manhattan_spearman,dot_pearson,dot_spearman
0,100000,0.9999999288001329,0.8660260022425752,0.9999905857482002,0.8660253694897737,0.9999937468079537,0.8660253695031513,0.9816115475470435,0.8660253694861193
0,200000,0.999999925747968,0.8660317056476305,0.9999985558758759,0.8660253698495408,0.9999944323823948,0.8660253695267864,0.9904980448509665,0.8660253695897105
0,300000,0.9999999941665481,0.8660305390427631,0.9999975487022077,0.866025369586234,0.9999751628291078,0.8660253694927116,0.9942742392766573,0.8660253694981337
